name,stream
hum tere bin,https://www.youtube.com/watch?v=XvJWpkrrqX8
sandese aate hain,https://www.youtube.com/watch?v=BQBidc3eHPY
sandesh aate hain,https://www.youtube.com/watch?v=BQBidc3eHPY
bada pachtaoge,https://www.youtube.com/watch?v=DbNFboIKZb0
bada pachtaoge video,https://www.youtube.com/watch?v=DbNFboIKZb0
tum dil ki dhadkan me,https://www.youtube.com/watch?v=PIF6tCE39Gc
sharabi aankhen jo teri dekhi,https://www.youtube.com/watch?v=I5t894l5b1w
tera mujhse hai pahle ka nata koi,https://www.youtube.com/watch?v=3IF9o2crV84
alan walker,https://www.youtube.com/watch?v=E3x_dLVTEuA
alan walker video,https://www.youtube.com/watch?v=60ItHLz5WEA
happier,https://www.youtube.com/watch?v=m7Bc3pLyij0&vl=en
happier video,https://www.youtube.com/watch?v=m7Bc3pLyij0&vl=en
raabta,https://www.youtube.com/watch?v=YXjYfpqg8Z0
raabta from agent vinod,https://www.youtube.com/watch?v=zlt38OOqwDc
video tum dil ki dhadkan mein rehte ho,https://www.youtube.com/watch?v=3Z_x7vBqr6E
video let it go,https://www.youtube.com/watch?v=L0MK7qz13bU
let it go video,https://www.youtube.com/watch?v=L0MK7qz13bU
video happy year,https://www.youtube.com/watch?v=tvLdMueqg5Q
bhula diya,https://www.youtube.com/watch?v=g7Gu9fc4hEI
bhula diya video,https://www.youtube.com/watch?v=g7Gu9fc4hEI
video 3 idiots,https://www.youtube.com/watch?v=K0eDlFX9GMc
video taare zameen par,https://www.youtube.com/watch?v=9P4xjdBWRKY
mama song,https://www.youtube.com/watch?v=bpFW4Yhy08k
video abhi mujh mein kahin,https://www.youtube.com/watch?v=oWKgpB2zpgw
video carrier,https://www.youtube.com/watch?v=LhqLn1wKJAw
